"iter","time","dist","rho","maxviolation","meanviolation","cost","maxabsLagMult","KKT_residual","LagGradNorm",
0,0,NaN,1,3,2.9226,38.3409,1,12.4214,11.7131,
1,0.016483,2.7268,3.3333,3.3934,3.2716,19.1767,2.3934,4.6308,0.088974,
2,0.068631,2.9503,3.3333,0.90427,0.85992,27.0008,0.62081,1.218,0.025332,
3,0.082523,0.60803,3.3333,0.28846,0.20963,27.4899,0.34072,0.32261,0.061353,
4,0.093432,0.19016,3.3333,0.077255,0.058471,27.5344,0.26512,0.096091,0.041111,
5,0.10149,0.049073,3.3333,0.020608,0.015881,27.5343,0.22794,0.034259,0.024992,
6,0.10762,0.0093724,3.3333,0.0044055,0.0026155,27.5337,0.24262,0.031008,0.030683,
7,0.11315,0.0050565,3.3333,0.0026037,0.001699,27.5355,0.23394,0.0171,0.016882,
8,0.11772,0.0017157,11.1111,0.0035858,0.0022803,27.5351,0.23719,0.015746,0.015301,
9,0.12563,0.0016168,11.1111,0.00073667,0.00048999,27.535,0.22901,0.013292,0.01327,
10,0.13144,0.0012531,37.037,0.00094327,0.00058416,27.5346,0.23151,0.010666,0.010622,
11,0.1405,0.00073361,37.037,9.7429e-05,5.5472e-05,27.5348,0.23101,0.0066544,0.0066536,
12,0.143,0,123.4568,9.7429e-05,5.5472e-05,27.5348,0.23051,0.0076461,0.0076454,
13,0.16142,0.0042428,123.4568,3.4904e-05,2.1398e-05,27.5348,0.23148,0.0039556,0.0039554,
14,0.16906,2.7559e-05,123.4568,1.1449e-05,1.0406e-05,27.5348,0.23264,0.0044462,0.0044462,
15,0.17711,1.0384e-05,411.5226,1.3785e-05,7.2578e-06,27.5348,0.23094,0.00193,0.0019299,
16,0.18508,4.5885e-06,411.5226,5.2423e-06,4.2854e-06,27.5348,0.22957,0.0023755,0.0023755,
17,0.19428,8.0601e-06,411.5226,3.3178e-06,2.9218e-06,27.5348,0.23061,0.0012254,0.0012254,
18,0.20086,5.649e-06,411.5226,2.5363e-06,1.954e-06,27.5348,0.23004,0.0019535,0.0019535,
19,0.20917,3.9357e-06,1371.7421,2.5279e-06,1.2849e-06,27.5348,0.23002,0.001538,0.001538,
20,0.23257,0.00027429,1371.7421,2.7264e-07,2.1062e-07,27.5348,0.23023,0.00050759,0.00050759,
21,0.24094,1.4878e-07,1371.7421,8.4354e-08,5.3299e-08,27.5348,0.23011,0.00066176,0.00066176,
22,0.24976,1.826e-07,4572.4737,1.9441e-07,1.3368e-07,27.5348,0.23038,0.00060131,0.00060131,
23,0.26047,8.5521e-08,4572.4737,6.3326e-08,3.6351e-08,27.5348,0.23042,0.00051014,0.00051014,
24,0.28414,9.2518e-05,15241.579,7.2762e-08,5.6194e-08,27.5348,0.23009,0.0004297,0.0004297,
25,0.29546,6.9477e-08,15241.579,1.3572e-08,9.1969e-09,27.5348,0.2303,0.00018823,0.00018823,
26,0.3053,1.0407e-08,15241.579,4.4406e-09,3.003e-09,27.5348,0.23027,0.00027372,0.00027372,
27,0.31728,5.738e-09,15241.579,3.4465e-09,2.9776e-09,27.5348,0.23031,0.00019376,0.00019376,
28,0.32716,7.4079e-09,15241.579,1.879e-09,1.6465e-09,27.5348,0.23029,0.00018655,0.00018655,
29,0.35291,4.2474e-05,15241.579,1.4229e-09,1.3046e-09,27.5348,0.23027,0.00011201,0.00011201,
30,0.35545,0,50805.2634,1.4229e-09,1.3046e-09,27.5348,0.23024,0.00011778,0.00011778,
31,0.36607,1.6918e-09,50805.2634,2.0388e-10,1.0853e-10,27.5348,0.23023,0.00013191,0.00013191,
32,0.37722,1.1059e-09,169350.8781,5.7725e-10,3.3889e-10,27.5348,0.23026,0.00010274,0.00010274,
33,0.3894,2.5778e-10,169350.8781,1.3588e-10,1.3347e-10,27.5348,0.23029,0.00010773,0.00010773,
34,0.39933,1.9123e-09,564502.9269,8.3089e-10,6.5146e-10,27.5348,0.23037,0.00045322,0.00045322,
35,0.41172,4.2809e-10,564502.9269,3.084e-10,1.8625e-10,27.5348,0.23019,0.00018605,0.00018605,
36,0.42402,1.9959e-10,564502.9269,6.1507e-11,4.342e-11,27.5348,0.23021,0.0001527,0.0001527,
37,0.43695,1.3544e-10,1881676.4232,1.0165e-10,9.9287e-11,27.5348,0.23026,0.00010618,0.00010618,
38,0.44893,1.3086e-10,1881676.4232,1.6973e-11,1.6051e-11,27.5348,0.23023,0.00018249,0.00018249,
39,0.47053,0,6272254.7439,1.6973e-11,1.6051e-11,27.5348,0.2302,0.00029206,0.00029206,
40,0.49448,0,20907515.8129,1.6973e-11,1.6051e-11,27.5348,0.23009,0.00068922,0.00068922,
41,0.51724,0,69691719.3763,1.6973e-11,1.6051e-11,27.5348,0.22974,0.0020442,0.0020442,
42,0.5393,0,232305731.2542,1.6973e-11,1.6051e-11,27.5348,0.22855,0.0065758,0.0065758,
43,0.56233,0,774352437.514,1.6973e-11,1.6051e-11,27.5348,0.22461,0.021687,0.021687,
44,0.58467,0,2581174791.7132,1.6973e-11,1.6051e-11,27.5348,0.21147,0.072057,0.072057,
45,0.60644,0,8603915972.3773,1.6973e-11,1.6051e-11,27.5348,0.1983,0.23996,0.23996,
46,0.62791,0,28679719907.9244,1.6973e-11,1.6051e-11,27.5348,0.32847,0.79964,0.79964,
47,0.64958,0,95599066359.7481,1.6973e-11,1.6051e-11,27.5348,0.76236,2.6652,2.6652,
48,0.67075,0,318663554532.4938,1.6973e-11,1.6051e-11,27.5348,2.2087,8.8839,8.8839,
49,0.69224,0,1062211848441.646,1.6973e-11,1.6051e-11,27.5348,7.4965,29.6127,29.6127,
50,0.71399,0,3540706161472.154,1.6973e-11,1.6051e-11,27.5348,20,98.7088,98.7088,
51,0.73737,0,11802353871573.85,1.6973e-11,1.6051e-11,27.5348,20,311.3469,311.3469,
52,0.76339,0,39341179571912.82,1.6973e-11,1.6051e-11,27.5348,20,848.7574,848.7574,
53,0.78538,0,131137265239709.4,1.6973e-11,1.6051e-11,27.5348,20,2640.1361,2640.1361,
54,0.80667,0,437124217465698.1,1.6973e-11,1.6051e-11,27.5348,20,8611.4022,8611.4022,
55,0.82793,0,1457080724885660,1.6973e-11,1.6051e-11,27.5348,20,28515.6241,28515.6241,
56,0.84921,0,4856935749618868,1.6973e-11,1.6051e-11,27.5348,20,94863.0309,94863.0309,
57,0.87082,0,1.618978583206289e+16,1.6973e-11,1.6051e-11,27.5348,20,316021.0534,316021.0534,
58,0.89189,0,5.396595277354298e+16,1.6973e-11,1.6051e-11,27.5348,20,1053214.4621,1053214.4621,
59,0.91417,0,1.798865092451433e+17,1.6973e-11,1.6051e-11,27.5348,20,3510525.8241,3510525.8241,
60,0.93537,0,5.996216974838111e+17,1.6973e-11,1.6051e-11,27.5348,20,11701563.6976,11701563.6976,
61,0.95655,0,1.998738991612704e+18,1.6973e-11,1.6051e-11,27.5348,20,39005023.2759,39005023.2759,
62,0.97825,0,6.662463305375679e+18,1.6973e-11,1.6051e-11,27.5348,20,130016555.2037,130016555.2037,
63,1.0006,0,2.220821101791893e+19,1.6973e-11,1.6051e-11,27.5348,20,433388328.2962,433388328.2962,
64,1.022,0,7.402737005972978e+19,1.6973e-11,1.6051e-11,27.5348,20,1444627571.9378,1444627571.9378,
65,1.0444,0,2.467579001990993e+20,1.6973e-11,1.6051e-11,27.5348,20,4815425050.7433,4815425050.7433,
66,1.0655,0,8.225263339969975e+20,1.6973e-11,1.6051e-11,27.5348,20,16051416646.7617,16051416646.7617,
67,1.0866,0,2.741754446656658e+21,1.6973e-11,1.6051e-11,27.5348,20,53504721966.8228,53504721966.8228,
68,1.1079,0,9.139181488855528e+21,1.6973e-11,1.6051e-11,27.5348,20,178349073033.6933,178349073033.6933,
69,1.1295,0,3.046393829618509e+22,1.6973e-11,1.6051e-11,27.5348,20,594496909923.2615,594496909923.2615,
70,1.1502,0,1.015464609872836e+23,1.6973e-11,1.6051e-11,27.5348,20,1981656366221.822,1981656366221.822,
71,1.1715,0,3.384882032909455e+23,1.6973e-11,1.6051e-11,27.5348,20,6605521220550.357,6605521220550.357,
72,1.1932,0,1.128294010969818e+24,1.6973e-11,1.6051e-11,27.5348,20,22018404068312.14,22018404068312.14,
73,1.2147,0,3.760980036566062e+24,1.6973e-11,1.6051e-11,27.5348,20,73394680227518.09,73394680227518.09,
74,1.2363,0,1.253660012188687e+25,1.6973e-11,1.6051e-11,27.5348,20,244648934091538,244648934091538,
75,1.2575,0,4.178866707295624e+25,1.6973e-11,1.6051e-11,27.5348,20,815496446971604.3,815496446971604.3,
76,1.279,0,1.392955569098541e+26,1.6973e-11,1.6051e-11,27.5348,20,2718321489905159,2718321489905159,
77,1.3001,0,4.643185230328472e+26,1.6973e-11,1.6051e-11,27.5348,20,9061071633017006,9061071633017006,
78,1.3209,0,1.547728410109491e+27,1.6973e-11,1.6051e-11,27.5348,20,3.02035721100565e+16,3.02035721100565e+16,
79,1.3427,0,5.15909470036497e+27,1.6973e-11,1.6051e-11,27.5348,20,1.006785737001882e+17,1.006785737001882e+17,
80,1.3644,0,1.71969823345499e+28,1.6973e-11,1.6051e-11,27.5348,20,3.355952456672937e+17,3.355952456672937e+17,
81,1.3862,0,5.732327444849967e+28,1.6973e-11,1.6051e-11,27.5348,20,1.118650818890979e+18,1.118650818890979e+18,
82,1.4079,0,1.910775814949989e+29,1.6973e-11,1.6051e-11,27.5348,20,3.72883606296993e+18,3.72883606296993e+18,
83,1.4295,0,6.369252716499964e+29,1.6973e-11,1.6051e-11,27.5348,20,1.24294535432331e+19,1.24294535432331e+19,
84,1.4513,0,2.123084238833321e+30,1.6973e-11,1.6051e-11,27.5348,20,4.1431511810777e+19,4.1431511810777e+19,
85,1.4732,0,7.076947462777738e+30,1.6973e-11,1.6051e-11,27.5348,20,1.381050393692566e+20,1.381050393692566e+20,
86,1.4948,0,2.35898248759258e+31,1.6973e-11,1.6051e-11,27.5348,20,4.603501312308555e+20,4.603501312308555e+20,
87,1.5193,0,7.863274958641932e+31,1.6973e-11,1.6051e-11,27.5348,20,1.534500437436185e+21,1.534500437436185e+21,
88,1.5424,0,2.621091652880644e+32,1.6973e-11,1.6051e-11,27.5348,20,5.115001458120618e+21,5.115001458120618e+21,
89,1.5652,0,8.736972176268813e+32,1.6973e-11,1.6051e-11,27.5348,20,1.705000486040206e+22,1.705000486040206e+22,
90,1.587,0,2.912324058756271e+33,1.6973e-11,1.6051e-11,27.5348,20,5.683334953467353e+22,5.683334953467353e+22,
91,1.6082,0,9.707746862520905e+33,1.6973e-11,1.6051e-11,27.5348,20,1.894444984489118e+23,1.894444984489118e+23,
92,1.6292,0,3.235915620840302e+34,1.6973e-11,1.6051e-11,27.5348,20,6.314816614963727e+23,6.314816614963727e+23,
93,1.6505,0,1.078638540280101e+35,1.6973e-11,1.6051e-11,27.5348,20,2.104938871654576e+24,2.104938871654576e+24,
94,1.6729,0,3.595461800933669e+35,1.6973e-11,1.6051e-11,27.5348,20,7.016462905515253e+24,7.016462905515253e+24,
95,1.6949,0,1.19848726697789e+36,1.6973e-11,1.6051e-11,27.5348,20,2.338820968505084e+25,2.338820968505084e+25,
96,1.7168,0,3.994957556592966e+36,1.6973e-11,1.6051e-11,27.5348,20,7.796069895016947e+25,7.796069895016947e+25,
97,1.7402,0,1.331652518864322e+37,1.6973e-11,1.6051e-11,27.5348,20,2.598689965005649e+26,2.598689965005649e+26,
98,1.7619,0,4.43884172954774e+37,1.6973e-11,1.6051e-11,27.5348,20,8.662299883352164e+26,8.662299883352164e+26,
99,1.7842,0,1.479613909849247e+38,1.6973e-11,1.6051e-11,27.5348,20,2.887433294450722e+27,2.887433294450722e+27,
100,1.8072,0,4.932046366164157e+38,1.6973e-11,1.6051e-11,27.5348,20,9.624777648169073e+27,9.624777648169073e+27,
101,1.8296,0,1.644015455388052e+39,1.6973e-11,1.6051e-11,27.5348,20,3.208259216056358e+28,3.208259216056358e+28,
102,1.8559,0,5.480051517960174e+39,1.6973e-11,1.6051e-11,27.5348,20,1.069419738685453e+29,1.069419738685453e+29,
103,1.878,0,1.826683839320058e+40,1.6973e-11,1.6051e-11,27.5348,20,3.564732462284842e+29,3.564732462284842e+29,
104,1.8992,0,6.08894613106686e+40,1.6973e-11,1.6051e-11,27.5348,20,1.188244154094947e+30,1.188244154094947e+30,
105,1.92,0,2.02964871035562e+41,1.6973e-11,1.6051e-11,27.5348,20,3.960813846983159e+30,3.960813846983159e+30,
106,1.9409,0,6.765495701185401e+41,1.6973e-11,1.6051e-11,27.5348,20,1.32027128232772e+31,1.32027128232772e+31,
107,1.962,0,2.255165233728467e+42,1.6973e-11,1.6051e-11,27.5348,20,4.400904274425732e+31,4.400904274425732e+31,
108,1.9848,0,7.517217445761558e+42,1.6973e-11,1.6051e-11,27.5348,20,1.466968091475244e+32,1.466968091475244e+32,
109,2.0058,0,2.505739148587186e+43,1.6973e-11,1.6051e-11,27.5348,20,4.889893638250814e+32,4.889893638250814e+32,
110,2.0265,0,8.352463828623954e+43,1.6973e-11,1.6051e-11,27.5348,20,1.629964546083605e+33,1.629964546083605e+33,
111,2.0477,0,2.784154609541318e+44,1.6973e-11,1.6051e-11,27.5348,20,5.433215153612016e+33,5.433215153612016e+33,
112,2.069,0,9.280515365137727e+44,1.6973e-11,1.6051e-11,27.5348,20,1.811071717870672e+34,1.811071717870672e+34,
113,2.0901,0,3.093505121712576e+45,1.6973e-11,1.6051e-11,27.5348,20,6.036905726235574e+34,6.036905726235574e+34,
114,2.112,0,1.031168373904192e+46,1.6973e-11,1.6051e-11,27.5348,20,2.012301908745192e+35,2.012301908745192e+35,
115,2.1326,0,3.437227913013974e+46,1.6973e-11,1.6051e-11,27.5348,20,6.707673029150638e+35,6.707673029150638e+35,
116,2.1536,0,1.145742637671325e+47,1.6973e-11,1.6051e-11,27.5348,20,2.23589100971688e+36,2.23589100971688e+36,
117,2.1749,0,3.819142125571082e+47,1.6973e-11,1.6051e-11,27.5348,20,7.452970032389599e+36,7.452970032389599e+36,
118,2.1961,0,1.273047375190361e+48,1.6973e-11,1.6051e-11,27.5348,20,2.484323344129866e+37,2.484323344129866e+37,
119,2.2171,0,4.243491250634536e+48,1.6973e-11,1.6051e-11,27.5348,20,8.281077813766222e+37,8.281077813766222e+37,
120,2.2375,0,1.414497083544845e+49,1.6973e-11,1.6051e-11,27.5348,20,2.760359271255407e+38,2.760359271255407e+38,
121,2.2581,0,4.714990278482818e+49,1.6973e-11,1.6051e-11,27.5348,20,9.201197570851358e+38,9.201197570851358e+38,
122,2.2798,0,1.57166342616094e+50,1.6973e-11,1.6051e-11,27.5348,20,3.067065856950453e+39,3.067065856950453e+39,
123,2.3006,0,5.238878087203132e+50,1.6973e-11,1.6051e-11,27.5348,20,1.022355285650151e+40,1.022355285650151e+40,
124,2.3213,0,1.746292695734377e+51,1.6973e-11,1.6051e-11,27.5348,20,3.40785095216717e+40,3.40785095216717e+40,
125,2.342,0,5.820975652447925e+51,1.6973e-11,1.6051e-11,27.5348,20,1.135950317389057e+41,1.135950317389057e+41,
126,2.3642,0,1.940325217482642e+52,1.6973e-11,1.6051e-11,27.5348,20,3.786501057963523e+41,3.786501057963523e+41,
127,2.3852,0,6.467750724942139e+52,1.6973e-11,1.6051e-11,27.5348,20,1.262167019321174e+42,1.262167019321174e+42,
128,2.4062,0,2.155916908314046e+53,1.6973e-11,1.6051e-11,27.5348,20,4.207223397737247e+42,4.207223397737247e+42,
129,2.4268,0,7.186389694380155e+53,1.6973e-11,1.6051e-11,27.5348,20,1.402407799245749e+43,1.402407799245749e+43,
130,2.4496,0,2.395463231460052e+54,1.6973e-11,1.6051e-11,27.5348,20,4.674692664152497e+43,4.674692664152497e+43,
131,2.4716,0,7.984877438200172e+54,1.6973e-11,1.6051e-11,27.5348,20,1.558230888050833e+44,1.558230888050833e+44,
132,2.4933,0,2.661625812733391e+55,1.6973e-11,1.6051e-11,27.5348,20,5.194102960169441e+44,5.194102960169441e+44,
133,2.5154,0,8.872086042444637e+55,1.6973e-11,1.6051e-11,27.5348,20,1.731367653389814e+45,1.731367653389814e+45,
134,2.5366,0,2.957362014148212e+56,1.6973e-11,1.6051e-11,27.5348,20,5.771225511299381e+45,5.771225511299381e+45,
135,2.5581,0,9.857873380494043e+56,1.6973e-11,1.6051e-11,27.5348,20,1.923741837099794e+46,1.923741837099794e+46,
136,2.5849,0,3.285957793498014e+57,1.6973e-11,1.6051e-11,27.5348,20,6.412472790332646e+46,6.412472790332646e+46,
137,2.6057,0,1.095319264499338e+58,1.6973e-11,1.6051e-11,27.5348,20,2.137490930110882e+47,2.137490930110882e+47,
138,2.6264,0,3.651064214997794e+58,1.6973e-11,1.6051e-11,27.5348,20,7.124969767036273e+47,7.124969767036273e+47,
139,2.6475,0,1.217021404999265e+59,1.6973e-11,1.6051e-11,27.5348,20,2.374989922345425e+48,2.374989922345425e+48,
140,2.6723,0,4.056738016664216e+59,1.6973e-11,1.6051e-11,27.5348,20,7.91663307448475e+48,7.91663307448475e+48,
141,2.7027,0,1.352246005554739e+60,1.6973e-11,1.6051e-11,27.5348,20,2.638877691494917e+49,2.638877691494917e+49,
142,2.7312,0,4.507486685182463e+60,1.6973e-11,1.6051e-11,27.5348,20,8.796258971649723e+49,8.796258971649723e+49,
143,2.7547,0,1.502495561727487e+61,1.6973e-11,1.6051e-11,27.5348,20,2.932086323883241e+50,2.932086323883241e+50,
144,2.7787,0,5.008318539091625e+61,1.6973e-11,1.6051e-11,27.5348,20,9.773621079610802e+50,9.773621079610802e+50,
145,2.8043,0,1.669439513030542e+62,1.6973e-11,1.6051e-11,27.5348,20,3.257873693203601e+51,3.257873693203601e+51,
146,2.8264,0,5.564798376768473e+62,1.6973e-11,1.6051e-11,27.5348,20,1.085957897734534e+52,1.085957897734534e+52,
147,2.8478,0,1.854932792256158e+63,1.6973e-11,1.6051e-11,27.5348,20,3.619859659115113e+52,3.619859659115113e+52,
148,2.8699,0,6.183109307520526e+63,1.6973e-11,1.6051e-11,27.5348,20,1.206619886371704e+53,1.206619886371704e+53,
149,2.8914,0,2.061036435840175e+64,1.6973e-11,1.6051e-11,27.5348,20,4.022066287905681e+53,4.022066287905681e+53,
150,2.9125,0,6.870121452800586e+64,1.6973e-11,1.6051e-11,27.5348,20,1.340688762635227e+54,1.340688762635227e+54,
151,2.9334,0,2.290040484266862e+65,1.6973e-11,1.6051e-11,27.5348,20,4.468962542117424e+54,4.468962542117424e+54,
152,2.9552,0,7.633468280889541e+65,1.6973e-11,1.6051e-11,27.5348,20,1.489654180705808e+55,1.489654180705808e+55,
153,2.978,0,2.54448942696318e+66,1.6973e-11,1.6051e-11,27.5348,20,4.965513935686029e+55,4.965513935686029e+55,
154,2.9991,0,8.481631423210601e+66,1.6973e-11,1.6051e-11,27.5348,20,1.655171311895343e+56,1.655171311895343e+56,
155,3.022,0,2.827210474403534e+67,1.6973e-11,1.6051e-11,27.5348,20,5.517237706317809e+56,5.517237706317809e+56,
156,3.0435,0,9.424034914678447e+67,1.6973e-11,1.6051e-11,27.5348,20,1.83907923543927e+57,1.83907923543927e+57,
157,3.0649,0,3.141344971559483e+68,1.6973e-11,1.6051e-11,27.5348,20,6.1302641181309e+57,6.1302641181309e+57,
158,3.0873,0,1.047114990519828e+69,1.6973e-11,1.6051e-11,27.5348,20,2.0434213727103e+58,2.0434213727103e+58,
159,3.1086,0,3.490383301732759e+69,1.6973e-11,1.6051e-11,27.5348,20,6.811404575701001e+58,6.811404575701001e+58,
160,3.1296,0,1.163461100577586e+70,1.6973e-11,1.6051e-11,27.5348,20,2.270468191900334e+59,2.270468191900334e+59,
161,3.1508,0,3.878203668591955e+70,1.6973e-11,1.6051e-11,27.5348,20,7.568227306334446e+59,7.568227306334446e+59,
162,3.1726,0,1.292734556197318e+71,1.6973e-11,1.6051e-11,27.5348,20,2.522742435444816e+60,2.522742435444816e+60,
163,3.1935,0,4.309115187324395e+71,1.6973e-11,1.6051e-11,27.5348,20,8.409141451482718e+60,8.409141451482718e+60,
164,3.2149,0,1.436371729108132e+72,1.6973e-11,1.6051e-11,27.5348,20,2.80304715049424e+61,2.80304715049424e+61,
165,3.2367,0,4.787905763693772e+72,1.6973e-11,1.6051e-11,27.5348,20,9.343490501647466e+61,9.343490501647466e+61,
166,3.2578,0,1.595968587897924e+73,1.6973e-11,1.6051e-11,27.5348,20,3.114496833882489e+62,3.114496833882489e+62,
167,3.2792,0,5.319895292993081e+73,1.6973e-11,1.6051e-11,27.5348,20,1.038165611294163e+63,1.038165611294163e+63,
168,3.3013,0,1.773298430997694e+74,1.6973e-11,1.6051e-11,27.5348,20,3.46055203764721e+63,3.46055203764721e+63,
169,3.3221,0,5.910994769992312e+74,1.6973e-11,1.6051e-11,27.5348,20,1.153517345882403e+64,1.153517345882403e+64,
170,3.3438,0,1.970331589997437e+75,1.6973e-11,1.6051e-11,27.5348,20,3.845057819608011e+64,3.845057819608011e+64,
171,3.3654,0,6.567771966658124e+75,1.6973e-11,1.6051e-11,27.5348,20,1.281685939869337e+65,1.281685939869337e+65,
172,3.3869,0,2.189257322219375e+76,1.6973e-11,1.6051e-11,27.5348,20,4.272286466231124e+65,4.272286466231124e+65,
173,3.4088,0,7.297524407397916e+76,1.6973e-11,1.6051e-11,27.5348,20,1.424095488743708e+66,1.424095488743708e+66,
174,3.4292,0,2.432508135799306e+77,1.6973e-11,1.6051e-11,27.5348,20,4.746984962479026e+66,4.746984962479026e+66,
175,3.4506,0,8.108360452664353e+77,1.6973e-11,1.6051e-11,27.5348,20,1.582328320826342e+67,1.582328320826342e+67,
176,3.4722,0,2.702786817554784e+78,1.6973e-11,1.6051e-11,27.5348,20,5.274427736087809e+67,5.274427736087809e+67,
177,3.4935,0,9.009289391849282e+78,1.6973e-11,1.6051e-11,27.5348,20,1.758142578695936e+68,1.758142578695936e+68,
178,3.5158,0,3.00309646394976e+79,1.6973e-11,1.6051e-11,27.5348,20,5.860475262319787e+68,5.860475262319787e+68,
179,3.5373,0,1.00103215464992e+80,1.6973e-11,1.6051e-11,27.5348,20,1.953491754106595e+69,1.953491754106595e+69,
180,3.5593,0,3.336773848833068e+80,1.6973e-11,1.6051e-11,27.5348,20,6.511639180355319e+69,6.511639180355319e+69,
181,3.5805,0,1.112257949611023e+81,1.6973e-11,1.6051e-11,27.5348,20,2.170546393451773e+70,2.170546393451773e+70,
182,3.6019,0,3.707526498703409e+81,1.6973e-11,1.6051e-11,27.5348,20,7.235154644839244e+70,7.235154644839244e+70,
183,3.6231,0,1.23584216623447e+82,1.6973e-11,1.6051e-11,27.5348,20,2.411718214946415e+71,2.411718214946415e+71,
184,3.645,0,4.119473887448233e+82,1.6973e-11,1.6051e-11,27.5348,20,8.039060716488051e+71,8.039060716488051e+71,
185,3.6662,0,1.373157962482744e+83,1.6973e-11,1.6051e-11,27.5348,20,2.679686905496017e+72,2.679686905496017e+72,
186,3.6871,0,4.577193208275815e+83,1.6973e-11,1.6051e-11,27.5348,20,8.932289684986725e+72,8.932289684986725e+72,
187,3.7119,0,1.525731069425272e+84,1.6973e-11,1.6051e-11,27.5348,20,2.977429894995575e+73,2.977429894995575e+73,
188,3.7365,0,5.085770231417573e+84,1.6973e-11,1.6051e-11,27.5348,20,9.924766316651917e+73,9.924766316651917e+73,
189,3.7581,0,1.695256743805858e+85,1.6973e-11,1.6051e-11,27.5348,20,3.308255438883973e+74,3.308255438883973e+74,
190,3.7796,0,5.650855812686193e+85,1.6973e-11,1.6051e-11,27.5348,20,1.102751812961324e+75,1.102751812961324e+75,
191,3.8004,0,1.883618604228731e+86,1.6973e-11,1.6051e-11,27.5348,20,3.675839376537748e+75,3.675839376537748e+75,
192,3.8205,0,6.278728680762438e+86,1.6973e-11,1.6051e-11,27.5348,20,1.22527979217925e+76,1.22527979217925e+76,
193,3.8414,0,2.092909560254146e+87,1.6973e-11,1.6051e-11,27.5348,20,4.084265973930832e+76,4.084265973930832e+76,
194,3.863,0,6.976365200847153e+87,1.6973e-11,1.6051e-11,27.5348,20,1.361421991310277e+77,1.361421991310277e+77,
195,3.8839,0,2.325455066949051e+88,1.6973e-11,1.6051e-11,27.5348,20,4.538073304367591e+77,4.538073304367591e+77,
196,3.9044,0,7.75151688983017e+88,1.6973e-11,1.6051e-11,27.5348,20,1.512691101455864e+78,1.512691101455864e+78,
197,3.9252,0,2.583838963276723e+89,1.6973e-11,1.6051e-11,27.5348,20,5.042303671519546e+78,5.042303671519546e+78,
198,3.9463,0,8.612796544255744e+89,1.6973e-11,1.6051e-11,27.5348,20,1.680767890506515e+79,1.680767890506515e+79,
199,3.9683,0,2.870932181418582e+90,1.6973e-11,1.6051e-11,27.5348,20,5.602559635021717e+79,5.602559635021717e+79,
200,3.9899,0,9.56977393806194e+90,1.6973e-11,1.6051e-11,27.5348,20,1.867519878340573e+80,1.867519878340573e+80,
201,4.0126,0,3.189924646020647e+91,1.6973e-11,1.6051e-11,27.5348,20,6.225066261135242e+80,6.225066261135242e+80,
202,4.0343,0,1.063308215340216e+92,1.6973e-11,1.6051e-11,27.5348,20,2.075022087045081e+81,2.075022087045081e+81,
203,4.056,0,3.544360717800719e+92,1.6973e-11,1.6051e-11,27.5348,20,6.91674029015027e+81,6.91674029015027e+81,
204,4.078,0,1.18145357260024e+93,1.6973e-11,1.6051e-11,27.5348,20,2.305580096716757e+82,2.305580096716757e+82,
205,4.0988,0,3.938178575334133e+93,1.6973e-11,1.6051e-11,27.5348,20,7.685266989055856e+82,7.685266989055856e+82,
206,4.1191,0,1.312726191778044e+94,1.6973e-11,1.6051e-11,27.5348,20,2.561755663018619e+83,2.561755663018619e+83,
207,4.1408,0,4.375753972593481e+94,1.6973e-11,1.6051e-11,27.5348,20,8.539185543395398e+83,8.539185543395398e+83,
208,4.1626,0,1.45858465753116e+95,1.6973e-11,1.6051e-11,27.5348,20,2.846395181131799e+84,2.846395181131799e+84,
209,4.1831,0,4.861948858437202e+95,1.6973e-11,1.6051e-11,27.5348,20,9.487983937105998e+84,9.487983937105998e+84,
210,4.204,0,1.620649619479067e+96,1.6973e-11,1.6051e-11,27.5348,20,3.162661312368666e+85,3.162661312368666e+85,
211,4.2248,0,5.402165398263558e+96,1.6973e-11,1.6051e-11,27.5348,20,1.054220437456222e+86,1.054220437456222e+86,
212,4.2453,0,1.800721799421186e+97,1.6973e-11,1.6051e-11,27.5348,20,3.514068124854074e+86,3.514068124854074e+86,
213,4.2663,0,6.002405998070621e+97,1.6973e-11,1.6051e-11,27.5348,20,1.171356041618025e+87,1.171356041618025e+87,
214,4.2871,0,2.000801999356874e+98,1.6973e-11,1.6051e-11,27.5348,20,3.904520138726749e+87,3.904520138726749e+87,
215,4.3078,0,6.669339997856246e+98,1.6973e-11,1.6051e-11,27.5348,20,1.301506712908916e+88,1.301506712908916e+88,
216,4.3294,0,2.223113332618749e+99,1.6973e-11,1.6051e-11,27.5348,20,4.338355709696388e+88,4.338355709696388e+88,
217,4.3501,0,7.410377775395829e+99,1.6973e-11,1.6051e-11,27.5348,20,1.446118569898796e+89,1.446118569898796e+89,
218,4.3716,0,2.470125925131943e+100,1.6973e-11,1.6051e-11,27.5348,20,4.820395232995987e+89,4.820395232995987e+89,
219,4.3934,0,8.233753083773143e+100,1.6973e-11,1.6051e-11,27.5348,20,1.606798410998662e+90,1.606798410998662e+90,
220,4.4209,0,2.744584361257715e+101,1.6973e-11,1.6051e-11,27.5348,20,5.355994703328875e+90,5.355994703328875e+90,
221,4.442,0,9.148614537525716e+101,1.6973e-11,1.6051e-11,27.5348,20,1.785331567776292e+91,1.785331567776292e+91,
222,4.4631,0,3.049538179175239e+102,1.6973e-11,1.6051e-11,27.5348,20,5.951105225920973e+91,5.951105225920973e+91,
223,4.4853,0,1.016512726391746e+103,1.6973e-11,1.6051e-11,27.5348,20,1.983701741973658e+92,1.983701741973658e+92,
224,4.5059,0,3.388375754639155e+103,1.6973e-11,1.6051e-11,27.5348,20,6.612339139912192e+92,6.612339139912192e+92,
225,4.5269,0,1.129458584879718e+104,1.6973e-11,1.6051e-11,27.5348,20,2.204113046637398e+93,2.204113046637398e+93,
226,4.5477,0,3.764861949599061e+104,1.6973e-11,1.6051e-11,27.5348,20,7.347043488791326e+93,7.347043488791326e+93,
227,4.5694,0,1.254953983199687e+105,1.6973e-11,1.6051e-11,27.5348,20,2.449014496263775e+94,2.449014496263775e+94,
228,4.5907,0,4.183179943998957e+105,1.6973e-11,1.6051e-11,27.5348,20,8.163381654212584e+94,8.163381654212584e+94,
229,4.6114,0,1.394393314666319e+106,1.6973e-11,1.6051e-11,27.5348,20,2.721127218070861e+95,2.721127218070861e+95,
230,4.6328,0,4.647977715554397e+106,1.6973e-11,1.6051e-11,27.5348,20,9.070424060236205e+95,9.070424060236205e+95,
231,4.6543,0,1.549325905184799e+107,1.6973e-11,1.6051e-11,27.5348,20,3.023474686745402e+96,3.023474686745402e+96,
232,4.6751,0,5.16441968394933e+107,1.6973e-11,1.6051e-11,27.5348,20,1.007824895581801e+97,1.007824895581801e+97,
233,4.6961,0,1.72147322798311e+108,1.6973e-11,1.6051e-11,27.5348,20,3.359416318606003e+97,3.359416318606003e+97,
234,4.7173,0,5.738244093277033e+108,1.6973e-11,1.6051e-11,27.5348,20,1.119805439535334e+98,1.119805439535334e+98,
235,4.7384,0,1.912748031092345e+109,1.6973e-11,1.6051e-11,27.5348,20,3.732684798451114e+98,3.732684798451114e+98,
236,4.7597,0,6.375826770307816e+109,1.6973e-11,1.6051e-11,27.5348,20,1.244228266150371e+99,1.244228266150371e+99,
237,4.7809,0,2.125275590102605e+110,1.6973e-11,1.6051e-11,27.5348,20,4.147427553834571e+99,4.147427553834571e+99,
238,4.8021,0,7.084251967008685e+110,1.6973e-11,1.6051e-11,27.5348,20,1.382475851278191e+100,1.382475851278191e+100,
239,4.8225,0,2.361417322336229e+111,1.6973e-11,1.6051e-11,27.5348,20,4.608252837593968e+100,4.608252837593968e+100,
240,4.843,0,7.871391074454095e+111,1.6973e-11,1.6051e-11,27.5348,20,1.53608427919799e+101,1.53608427919799e+101,
241,4.8644,0,2.623797024818032e+112,1.6973e-11,1.6051e-11,27.5348,20,5.120280930659965e+101,5.120280930659965e+101,
242,4.8856,0,8.745990082726772e+112,1.6973e-11,1.6051e-11,27.5348,20,1.706760310219989e+102,1.706760310219989e+102,
243,4.9061,0,2.915330027575591e+113,1.6973e-11,1.6051e-11,27.5348,20,5.689201034066628e+102,5.689201034066628e+102,
244,4.9272,0,9.717766758585303e+113,1.6973e-11,1.6051e-11,27.5348,20,1.896400344688876e+103,1.896400344688876e+103,
245,4.9494,0,3.239255586195101e+114,1.6973e-11,1.6051e-11,27.5348,20,6.321334482296255e+103,6.321334482296255e+103,
246,4.9705,0,1.079751862065034e+115,1.6973e-11,1.6051e-11,27.5348,20,2.107111494098751e+104,2.107111494098751e+104,
247,4.9907,0,3.599172873550113e+115,1.6973e-11,1.6051e-11,27.5348,20,7.023704980329171e+104,7.023704980329171e+104,
248,5.0122,0,1.199724291183371e+116,1.6973e-11,1.6051e-11,27.5348,20,2.341234993443057e+105,2.341234993443057e+105,
249,5.033,0,3.999080970611237e+116,1.6973e-11,1.6051e-11,27.5348,20,7.804116644810191e+105,7.804116644810191e+105,
250,5.0545,0,1.333026990203746e+117,1.6973e-11,1.6051e-11,27.5348,20,2.601372214936731e+106,2.601372214936731e+106,
251,5.0754,0,4.443423300679152e+117,1.6973e-11,1.6051e-11,27.5348,20,8.671240716455769e+106,8.671240716455769e+106,
252,5.0968,0,1.481141100226384e+118,1.6973e-11,1.6051e-11,27.5348,20,2.890413572151923e+107,2.890413572151923e+107,
253,5.1176,0,4.937137000754615e+118,1.6973e-11,1.6051e-11,27.5348,20,9.634711907173078e+107,9.634711907173078e+107,
254,5.139,0,1.645712333584871e+119,1.6973e-11,1.6051e-11,27.5348,20,3.21157063572436e+108,3.21157063572436e+108,
255,5.161,0,5.485707778616239e+119,1.6973e-11,1.6051e-11,27.5348,20,1.070523545241453e+109,1.070523545241453e+109,
256,5.1821,0,1.828569259538746e+120,1.6973e-11,1.6051e-11,27.5348,20,3.568411817471511e+109,3.568411817471511e+109,
257,5.2027,0,6.095230865129154e+120,1.6973e-11,1.6051e-11,27.5348,20,1.189470605823837e+110,1.189470605823837e+110,
258,5.2237,0,2.031743621709718e+121,1.6973e-11,1.6051e-11,27.5348,20,3.96490201941279e+110,3.96490201941279e+110,
259,5.2453,0,6.772478739032394e+121,1.6973e-11,1.6051e-11,27.5348,20,1.32163400647093e+111,1.32163400647093e+111,
260,5.2674,0,2.257492913010798e+122,1.6973e-11,1.6051e-11,27.5348,20,4.405446688236434e+111,4.405446688236434e+111,
261,5.2878,0,7.524976376702661e+122,1.6973e-11,1.6051e-11,27.5348,20,1.468482229412144e+112,1.468482229412144e+112,
262,5.3084,0,2.508325458900887e+123,1.6973e-11,1.6051e-11,27.5348,20,4.894940764707149e+112,4.894940764707149e+112,
263,5.3302,0,8.361084863002958e+123,1.6973e-11,1.6051e-11,27.5348,20,1.63164692156905e+113,1.63164692156905e+113,
264,5.3513,0,2.787028287667653e+124,1.6973e-11,1.6051e-11,27.5348,20,5.438823071896833e+113,5.438823071896833e+113,
265,5.3737,0,9.290094292225508e+124,1.6973e-11,1.6051e-11,27.5348,20,1.812941023965611e+114,1.812941023965611e+114,
266,5.395,0,3.096698097408503e+125,1.6973e-11,1.6051e-11,27.5348,20,6.043136746552037e+114,6.043136746552037e+114,
267,5.4153,0,1.032232699136168e+126,1.6973e-11,1.6051e-11,27.5348,20,2.014378915517346e+115,2.014378915517346e+115,
268,5.436,0,3.440775663787226e+126,1.6973e-11,1.6051e-11,27.5348,20,6.714596385057819e+115,6.714596385057819e+115,
269,5.4575,0,1.146925221262409e+127,1.6973e-11,1.6051e-11,27.5348,20,2.238198795019273e+116,2.238198795019273e+116,
270,5.4791,0,3.823084070874696e+127,1.6973e-11,1.6051e-11,27.5348,20,7.460662650064244e+116,7.460662650064244e+116,
271,5.5,0,1.274361356958232e+128,1.6973e-11,1.6051e-11,27.5348,20,2.486887550021415e+117,2.486887550021415e+117,
272,5.5211,0,4.247871189860774e+128,1.6973e-11,1.6051e-11,27.5348,20,8.289625166738049e+117,8.289625166738049e+117,
273,5.5423,0,1.415957063286925e+129,1.6973e-11,1.6051e-11,27.5348,20,2.763208388912683e+118,2.763208388912683e+118,
274,5.5632,0,4.719856877623082e+129,1.6973e-11,1.6051e-11,27.5348,20,9.210694629708945e+118,9.210694629708945e+118,
275,5.5839,0,1.573285625874361e+130,1.6973e-11,1.6051e-11,27.5348,20,3.070231543236315e+119,3.070231543236315e+119,
276,5.6044,0,5.244285419581203e+130,1.6973e-11,1.6051e-11,27.5348,20,1.023410514412105e+120,1.023410514412105e+120,
277,5.6258,0,1.748095139860401e+131,1.6973e-11,1.6051e-11,27.5348,20,3.411368381373684e+120,3.411368381373684e+120,
278,5.6472,0,5.82698379953467e+131,1.6973e-11,1.6051e-11,27.5348,20,1.137122793791228e+121,1.137122793791228e+121,
279,5.6684,0,1.942327933178223e+132,1.6973e-11,1.6051e-11,27.5348,20,3.790409312637426e+121,3.790409312637426e+121,
280,5.6904,0,6.47442644392741e+132,1.6973e-11,1.6051e-11,27.5348,20,1.263469770879142e+122,1.263469770879142e+122,
281,5.712,0,2.158142147975804e+133,1.6973e-11,1.6051e-11,27.5348,20,4.211565902930474e+122,4.211565902930474e+122,
282,5.7327,0,7.193807159919345e+133,1.6973e-11,1.6051e-11,27.5348,20,1.403855300976824e+123,1.403855300976824e+123,
283,5.7536,0,2.397935719973115e+134,1.6973e-11,1.6051e-11,27.5348,20,4.679517669922749e+123,4.679517669922749e+123,
284,5.7748,0,7.99311906657705e+134,1.6973e-11,1.6051e-11,27.5348,20,1.559839223307583e+124,1.559839223307583e+124,
285,5.7967,0,2.66437302219235e+135,1.6973e-11,1.6051e-11,27.5348,20,5.199464077691943e+124,5.199464077691943e+124,
286,5.8179,0,8.881243407307833e+135,1.6973e-11,1.6051e-11,27.5348,20,1.733154692563981e+125,1.733154692563981e+125,
287,5.8394,0,2.960414469102611e+136,1.6973e-11,1.6051e-11,27.5348,20,5.777182308546603e+125,5.777182308546603e+125,
288,5.8606,0,9.868048230342037e+136,1.6973e-11,1.6051e-11,27.5348,20,1.925727436182201e+126,1.925727436182201e+126,
289,5.8814,0,3.289349410114013e+137,1.6973e-11,1.6051e-11,27.5348,20,6.419091453940669e+126,6.419091453940669e+126,
290,5.9026,0,1.096449803371338e+138,1.6973e-11,1.6051e-11,27.5348,20,2.139697151313557e+127,2.139697151313557e+127,
291,5.9235,0,3.654832677904459e+138,1.6973e-11,1.6051e-11,27.5348,20,7.132323837711857e+127,7.132323837711857e+127,
292,5.9461,0,1.218277559301486e+139,1.6973e-11,1.6051e-11,27.5348,20,2.377441279237286e+128,2.377441279237286e+128,
293,5.9673,0,4.060925197671621e+139,1.6973e-11,1.6051e-11,27.5348,20,7.924804264124285e+128,7.924804264124285e+128,
294,5.9888,0,1.353641732557207e+140,1.6973e-11,1.6051e-11,27.5348,20,2.641601421374762e+129,2.641601421374762e+129,
295,6.0096,0,4.512139108524024e+140,1.6973e-11,1.6051e-11,27.5348,20,8.805338071249207e+129,8.805338071249207e+129,
296,6.0301,0,1.504046369508008e+141,1.6973e-11,1.6051e-11,27.5348,20,2.935112690416402e+130,2.935112690416402e+130,
297,6.0519,0,5.013487898360027e+141,1.6973e-11,1.6051e-11,27.5348,20,9.783708968054676e+130,9.783708968054676e+130,
298,6.0725,0,1.671162632786676e+142,1.6973e-11,1.6051e-11,27.5348,20,3.261236322684892e+131,3.261236322684892e+131,
299,6.0934,0,5.570542109288919e+142,1.6973e-11,1.6051e-11,27.5348,20,1.087078774228297e+132,1.087078774228297e+132,
300,6.115,0,1.856847369762973e+143,1.6973e-11,1.6051e-11,27.5348,20,3.623595914094324e+132,3.623595914094324e+132,
301,6.1377,0,6.189491232543244e+143,1.6973e-11,1.6051e-11,27.5348,20,1.207865304698108e+133,1.207865304698108e+133,
302,6.1593,0,2.063163744181081e+144,1.6973e-11,1.6051e-11,27.5348,20,4.026217682327027e+133,4.026217682327027e+133,
303,6.1804,0,6.877212480603605e+144,1.6973e-11,1.6051e-11,27.5348,20,1.342072560775676e+134,1.342072560775676e+134,
304,6.2019,0,2.292404160201202e+145,1.6973e-11,1.6051e-11,27.5348,20,4.473575202585587e+134,4.473575202585587e+134,
305,6.2231,0,7.641347200670672e+145,1.6973e-11,1.6051e-11,27.5348,20,1.491191734195195e+135,1.491191734195195e+135,
306,6.2442,0,2.547115733556891e+146,1.6973e-11,1.6051e-11,27.5348,20,4.970639113983985e+135,4.970639113983985e+135,
307,6.2655,0,8.490385778522971e+146,1.6973e-11,1.6051e-11,27.5348,20,1.656879704661328e+136,1.656879704661328e+136,
308,6.2859,0,2.83012859284099e+147,1.6973e-11,1.6051e-11,27.5348,20,5.522932348871096e+136,5.522932348871096e+136,
309,6.3073,0,9.433761976136635e+147,1.6973e-11,1.6051e-11,27.5348,20,1.840977449623699e+137,1.840977449623699e+137,
310,6.3284,0,3.144587325378879e+148,1.6973e-11,1.6051e-11,27.5348,20,6.136591498745662e+137,6.136591498745662e+137,
311,6.3496,0,1.048195775126293e+149,1.6973e-11,1.6051e-11,27.5348,20,2.045530499581888e+138,2.045530499581888e+138,
312,6.3707,0,3.493985917087643e+149,1.6973e-11,1.6051e-11,27.5348,20,6.818434998606291e+138,6.818434998606291e+138,
313,6.3915,0,1.164661972362548e+150,1.6973e-11,1.6051e-11,27.5348,20,2.272811666202097e+139,2.272811666202097e+139,
314,6.4125,0,3.882206574541826e+150,1.6973e-11,1.6051e-11,27.5348,20,7.576038887340326e+139,7.576038887340326e+139,
315,6.4341,0,1.294068858180609e+151,1.6973e-11,1.6051e-11,27.5348,20,2.525346295780109e+140,2.525346295780109e+140,
316,6.4554,0,4.313562860602029e+151,1.6973e-11,1.6051e-11,27.5348,20,8.417820985933695e+140,8.417820985933695e+140,
317,6.4764,0,1.437854286867343e+152,1.6973e-11,1.6051e-11,27.5348,20,2.805940328644565e+141,2.805940328644565e+141,
318,6.4977,0,4.792847622891144e+152,1.6973e-11,1.6051e-11,27.5348,20,9.353134428815218e+141,9.353134428815218e+141,
319,6.5186,0,1.597615874297048e+153,1.6973e-11,1.6051e-11,27.5348,20,3.117711476271739e+142,3.117711476271739e+142,
320,6.5398,0,5.325386247656826e+153,1.6973e-11,1.6051e-11,27.5348,20,1.039237158757246e+143,1.039237158757246e+143,
321,6.5611,0,1.775128749218942e+154,1.6973e-11,1.6051e-11,27.5348,20,3.464123862524154e+143,3.464123862524154e+143,
322,6.5813,0,5.917095830729807e+154,1.6973e-11,1.6051e-11,27.5348,20,1.154707954174718e+144,1.154707954174718e+144,
323,6.6023,0,1.972365276909936e+155,1.6973e-11,1.6051e-11,27.5348,20,3.849026513915728e+144,3.849026513915728e+144,
324,6.6229,0,6.57455092303312e+155,1.6973e-11,1.6051e-11,27.5348,20,1.283008837971909e+145,1.283008837971909e+145,
325,6.6446,0,2.191516974344374e+156,1.6973e-11,1.6051e-11,27.5348,20,4.276696126573031e+145,4.276696126573031e+145,
326,6.6656,0,7.305056581147912e+156,1.6973e-11,1.6051e-11,27.5348,20,1.425565375524344e+146,1.425565375524344e+146,
327,6.6867,0,2.435018860382637e+157,1.6973e-11,1.6051e-11,27.5348,20,4.751884585081146e+146,4.751884585081146e+146,
328,6.7082,0,8.116729534608792e+157,1.6973e-11,1.6051e-11,27.5348,20,1.583961528360382e+147,1.583961528360382e+147,
329,6.7291,0,2.705576511536264e+158,1.6973e-11,1.6051e-11,27.5348,20,5.279871761201274e+147,5.279871761201274e+147,
330,6.7504,0,9.018588371787547e+158,1.6973e-11,1.6051e-11,27.5348,20,1.759957253733758e+148,1.759957253733758e+148,
331,6.7713,0,3.006196123929182e+159,1.6973e-11,1.6051e-11,27.5348,20,5.866524179112526e+148,5.866524179112526e+148,
332,6.7921,0,1.002065374643061e+160,1.6973e-11,1.6051e-11,27.5348,20,1.955508059704176e+149,1.955508059704176e+149,
333,6.8125,0,3.340217915476869e+160,1.6973e-11,1.6051e-11,27.5348,20,6.518360199013919e+149,6.518360199013919e+149,
334,6.834,0,1.113405971825623e+161,1.6973e-11,1.6051e-11,27.5348,20,2.17278673300464e+150,2.17278673300464e+150,
335,6.8555,0,3.711353239418744e+161,1.6973e-11,1.6051e-11,27.5348,20,7.242622443348801e+150,7.242622443348801e+150,
336,6.8767,0,1.237117746472915e+162,1.6973e-11,1.6051e-11,27.5348,20,2.414207481116267e+151,2.414207481116267e+151,
337,6.8977,0,4.123725821576383e+162,1.6973e-11,1.6051e-11,27.5348,20,8.047358270387556e+151,8.047358270387556e+151,
338,6.9195,0,1.374575273858794e+163,1.6973e-11,1.6051e-11,27.5348,20,2.682452756795852e+152,2.682452756795852e+152,
339,6.9412,0,4.581917579529315e+163,1.6973e-11,1.6051e-11,27.5348,20,8.941509189319507e+152,8.941509189319507e+152,
340,6.962,0,1.527305859843105e+164,1.6973e-11,1.6051e-11,27.5348,20,2.980503063106503e+153,2.980503063106503e+153,
341,6.9832,0,5.09101953281035e+164,1.6973e-11,1.6051e-11,27.5348,20,9.93501021035501e+153,9.93501021035501e+153,
342,7.0046,0,1.697006510936783e+165,1.6973e-11,1.6051e-11,27.5348,20,Inf,3.311670070118337e+154,
343,7.0251,0,5.656688369789278e+165,1.6973e-11,1.6051e-11,27.5348,20,Inf,1.103890023372779e+155,
344,7.0465,0,1.885562789929759e+166,1.6973e-11,1.6051e-11,27.5348,20,Inf,3.679633411242596e+155,
345,7.0671,0,6.285209299765865e+166,1.6973e-11,1.6051e-11,27.5348,20,Inf,1.226544470414199e+156,
346,7.0881,0,2.095069766588622e+167,1.6973e-11,1.6051e-11,27.5348,20,Inf,4.088481568047329e+156,
347,7.1088,0,6.983565888628739e+167,1.6973e-11,1.6051e-11,27.5348,20,Inf,1.36282718934911e+157,
348,7.1295,0,2.32785529620958e+168,1.6973e-11,1.6051e-11,27.5348,20,Inf,4.542757297830366e+157,
349,7.1504,0,7.759517654031933e+168,1.6973e-11,1.6051e-11,27.5348,20,Inf,1.514252432610122e+158,
350,7.1716,0,2.586505884677311e+169,1.6973e-11,1.6051e-11,27.5348,20,Inf,5.047508108700407e+158,
351,7.1927,0,8.621686282257703e+169,1.6973e-11,1.6051e-11,27.5348,20,Inf,1.682502702900136e+159,
352,7.2133,0,2.873895427419234e+170,1.6973e-11,1.6051e-11,27.5348,20,Inf,5.608342343000453e+159,
353,7.2345,0,9.579651424730782e+170,1.6973e-11,1.6051e-11,27.5348,20,Inf,1.869447447666818e+160,
354,7.2555,0,3.193217141576927e+171,1.6973e-11,1.6051e-11,27.5348,20,Inf,6.231491492222726e+160,
355,7.2759,0,1.064405713858976e+172,1.6973e-11,1.6051e-11,27.5348,20,Inf,2.077163830740909e+161,
356,7.2976,0,3.548019046196586e+172,1.6973e-11,1.6051e-11,27.5348,20,Inf,6.92387943580303e+161,
357,7.328,3.3115,3.548019046196586e+172,0,0,0,20,89.4986,89.4427,
358,7.3493,0,3.548019046196586e+172,0,0,0,20,89.4986,89.4427,
